<metadata>
	<doi>doi:10.4121/d9769f3d-0ab0-4fb8-803b-0d1120ffcf54</doi>
	<name>Hospital log.xes.gz</name>
	<description>Real life log of a Dutch academic hospital, originally intended for use in the first Business Process Intelligence Contest (BPIC 2011)</description>
	<language>Dutch</language>
	<log_type>Real-life</log_type>
	<process_type>Ad-Hoc structured</process_type>
	<creation>
		<insitute>Eindhoven University of Technology</insitute>
		<person>B.F. van Dongen</person>
		<place>Eindhoven, The Netherlands</place>
		<time>Tue Mar 22 00:00:00 CET 2011</time>
	</creation>
	<source>
		<insitute>Eindhoven University of Technology</insitute>
		<institute_type>Academic Hospital</institute_type>
		<model>none</model>
		<program>various systems</program>
	</source>
	<rights type="Public">
   </rights>
	<lifecycle_model>standard</lifecycle_model>
	<number_of_traces>1143</number_of_traces>
	<number_of_events>150291</number_of_events>
	<events_per_trace>131.488</events_per_trace>
	<min_events_per_trace>1</min_events_per_trace>
	<max_events_per_trace>1814</max_events_per_trace>
	<global_attributes>
		<trace_level>
			<attribute key="concept:name" default="__INVALID__"/>
		</trace_level>
		<event_level>
			<attribute key="concept:name" default="__INVALID__"/>
			<attribute key="lifecycle:transition" default="complete"/>
			<attribute key="org:group" default="__INVALID__"/>
			<attribute key="time:timestamp" default="1970-01-01T01:00:00+01:00"/>
		</event_level>
	</global_attributes>
	<meta_extensions>
		<MetaData_General prefix="meta_general" uri="http://www.xes-standard.org/meta_general.xesext">
			<classifiers>2</classifiers>
			<events_average>131.488</events_average>
			<events_max>1814</events_max>
			<events_min>1</events_min>
			<events_standard_deviation>202.617</events_standard_deviation>
			<events_total>150291</events_total>
			<traces_total>1143</traces_total>
		</MetaData_General>
		<MetaData_Concept prefix="meta_concept" uri="http://www.xes-standard.org/meta_concept.xesext">
			<different_names_average>33.201</different_names_average>
			<different_names_max>113</different_names_max>
			<different_names_min>1</different_names_min>
			<different_names_standard_deviation>26.858</different_names_standard_deviation>
			<different_names_total>624</different_names_total>
			<named_events_average>131.488</named_events_average>
			<named_events_max>1814</named_events_max>
			<named_events_min>1</named_events_min>
			<named_events_standard_deviation>202.617</named_events_standard_deviation>
			<named_events_total>150291</named_events_total>
		</MetaData_Concept>
		<MetaData_LifeCycle prefix="meta_life" uri="http://www.xes-standard.org/meta_life.xesext">
			<different_transitions_average>1.0</different_transitions_average>
			<different_transitions_max>1</different_transitions_max>
			<different_transitions_min>1</different_transitions_min>
			<different_transitions_standard_deviation>0.0</different_transitions_standard_deviation>
			<different_transitions_total>1</different_transitions_total>
			<transition_events_average>131.488</transition_events_average>
			<transition_events_max>1814</transition_events_max>
			<transition_events_min>1</transition_events_min>
			<transition_events_standard_deviation>202.617</transition_events_standard_deviation>
			<transition_events_total>150291</transition_events_total>
		</MetaData_LifeCycle>
		<MetaData_Organization prefix="meta_org" uri="http://www.xes-standard.org/meta_org.xesext">
			<different_groups_average>5.597</different_groups_average>
			<different_groups_max>18</different_groups_max>
			<different_groups_min>1</different_groups_min>
			<different_groups_standard_deviation>3.741</different_groups_standard_deviation>
			<different_groups_total>43</different_groups_total>
			<different_resources_average>1.0</different_resources_average>
			<different_resources_max>1</different_resources_max>
			<different_resources_min>1</different_resources_min>
			<different_resources_standard_deviation>0.0</different_resources_standard_deviation>
			<different_resources_total>1</different_resources_total>
			<different_roles_average>1.0</different_roles_average>
			<different_roles_max>1</different_roles_max>
			<different_roles_min>1</different_roles_min>
			<different_roles_standard_deviation>0.0</different_roles_standard_deviation>
			<different_roles_total>1</different_roles_total>
			<group_events_average>131.488</group_events_average>
			<group_events_max>1814</group_events_max>
			<group_events_min>1</group_events_min>
			<group_events_standard_deviation>202.617</group_events_standard_deviation>
			<group_events_total>150291</group_events_total>
			<resource_events_average>131.488</resource_events_average>
			<resource_events_max>1814</resource_events_max>
			<resource_events_min>1</resource_events_min>
			<resource_events_standard_deviation>202.617</resource_events_standard_deviation>
			<resource_events_total>150291</resource_events_total>
			<role_events_average>131.488</role_events_average>
			<role_events_max>1814</role_events_max>
			<role_events_min>1</role_events_min>
			<role_events_standard_deviation>202.617</role_events_standard_deviation>
			<role_events_total>150291</role_events_total>
		</MetaData_Organization>
		<MetaData_Time prefix="meta_time" uri="http://www.xes-standard.org/meta_time.xesext">
			<duration_average>3.3406790551E7</duration_average>
			<duration_max>9.98784E7</duration_max>
			<duration_min>0.0</duration_min>
			<duration_standard_deviation>2.9261251728E7</duration_standard_deviation>
			<duration_total>3.81839616E10</duration_total>
			<log_duration>1.012608E8</log_duration>
			<log_end_time>2008-03-20T00:00:00+01:00</log_end_time>
			<log_start_time>2005-01-03T00:00:00+01:00</log_start_time>
		</MetaData_Time>
	</meta_extensions>
	<extensions>
		<Concept prefix="concept" uri="http://www.xes-standard.org/concept.xesext">
			<name>Hospital log</name>
		</Concept>
		<Lifecycle prefix="lifecycle" uri="http://www.xes-standard.org/lifecycle.xesext">
			<model>standard</model>
		</Lifecycle>
		<Organizational prefix="org" uri="http://www.xes-standard.org/org.xesext">
      </Organizational>
		<Time prefix="time" uri="http://www.xes-standard.org/time.xesext">
      </Time>
	</extensions>
</metadata>
